{
  "baseline": {
    "seeds": {
      "42": 0.9454545454545454,
      "123": 0.947107438016529,
      "456": 0.943801652892562
    },
    "mean_clean_acc": 0.9454545454545454,
    "std_clean_acc": 0.0013495811255003782,
    "mean_adv_acc": 0.8782051282051282,
    "std_adv_acc": 0.009200448778466201,
    "mean_robustness": 0.9288596578532635,
    "std_robustness": 0.008505235796541664
  },
  "mbert": {
    "mean_clean_acc": 0.9410468319559229,
    "std_clean_acc": 0.004739573149885783,
    "mean_adv_acc": 0.8653846153846154,
    "std_adv_acc": 0.012462962881553585,
    "mean_robustness": 0.9196856252479538,
    "std_robustness": 0.01773125082317619
  },
  "rl_banglabert": {
    "mean_clean_acc": 0.9493112947658403,
    "std_clean_acc": 0.001558362052201763,
    "mean_adv_acc": 0.9686666666666666,
    "std_adv_acc": 0.009568466729604892,
    "mean_robustness": 1.0204079318107089,
    "std_robustness": 0.011746408823254888
  }
}